Item ID ,French Title
8296136999111      ,Culotte femme taille basse Invizi
8296136966343      ,Culotte femme taille haute Invizi
8238146191559      ,Dailee Körpertücher - Mikrowellengeeignet
8191990988999      ,Invizi Pads - Maxi (Kopie) Test 
8187899805895      ,Maxi Plus Binde Produkttest 
8174068793543      ,Inserts absorbants Invizi - Mini
8173963051207      ,Spende
8173962952903      ,Serviettes d'incontinence Invizi - Extra
8173962854599      ,Serviettes d'incontinence Invizi - Maxi
8173962821831      ,Serviettes d'incontinence - Régulier
8173962723527      ,Protections pour hommes - Niveau 2
8173962657991      ,Protections pour hommes - Niveau 3
8173962625223      ,Serviettes d'incontinence Invizi - Maxi Plus
8173962330311      ,Sous-vêtements Invizi - Plus
8173962264775      ,Sous-vêtements Invizi - Maxi
8173961969863      ,Changes Invizi - Maxi
8173961937095      ,Sous-vêtements pour enfants/ados Nundies 8-15 ans
8173961838791      ,Sous-vêtements pour enfants/ados Nundies 4-7 ans
8173961117895      ,Alèses imperméables Invizi - 60 x 60 cm
8173961052359      ,Alèses imperméables Invizi - 90 x 60 cm
8173960986823      ,Inserts absorbants Invizi - Maxi
8173960921287      ,Lingettes micro-ondables Dailee